{"cameraMode":{"drawMode":0,"name":"Shaded","section":"Shading Mode"},"sceneLighting":false,"audioPlay":false,"sceneViewState":{"showFog":true,"showMaterialUpdate":false,"showSkybox":true,"showFlares":true,"showImageEffects":true,"showParticleSystems":true},"in2DMode":false,"pivot":{"x":-0.9199998378753662,"y":0.9213688373565674,"z":5.569698333740234},"rotation":{"x":-0.2573378384113312,"y":-0.35886150598526,"z":0.10362102091312409,"w":-0.891211748123169},"size":9.558279037475586,"orthographic":false}