{"cameraMode":{"drawMode":0,"name":"Shaded","section":"Shading Mode"},"sceneLighting":false,"audioPlay":false,"sceneViewState":{"showFog":true,"showMaterialUpdate":false,"showSkybox":true,"showFlares":true,"showImageEffects":true,"showParticleSystems":true},"in2DMode":false,"pivot":{"x":1.392209768295288,"y":0.862755537033081,"z":6.661842346191406},"rotation":{"x":-0.27276211977005007,"y":0.048490289598703387,"z":-0.013766935095191002,"w":-0.9607601165771484},"size":16.350297927856447,"orthographic":false}