{"cameraMode":{"drawMode":0,"name":"Shaded","section":"Shading Mode"},"sceneLighting":false,"audioPlay":false,"sceneViewState":{"showFog":true,"showMaterialUpdate":false,"showSkybox":true,"showFlares":true,"showImageEffects":true,"showParticleSystems":true},"in2DMode":false,"pivot":{"x":0.5423809885978699,"y":0.8841077089309692,"z":1.4632818698883057},"rotation":{"x":-0.04075349494814873,"y":0.9576001167297363,"z":-0.22829897701740266,"w":-0.17094111442565919},"size":6.797729015350342,"orthographic":false}