{"cameraMode":{"drawMode":0,"name":"Shaded","section":"Shading Mode"},"sceneLighting":false,"audioPlay":false,"sceneViewState":{"showFog":true,"showMaterialUpdate":false,"showSkybox":true,"showFlares":true,"showImageEffects":true,"showParticleSystems":true},"in2DMode":false,"pivot":{"x":0.0,"y":0.09870173782110214,"z":9.313225746154786e-10},"rotation":{"x":-0.056322064250707629,"y":-0.2858465909957886,"z":0.01683090068399906,"w":-0.956470787525177},"size":0.07455160468816757,"orthographic":false}