{"cameraMode":{"drawMode":0,"name":"Shaded","section":"Shading Mode"},"sceneLighting":false,"audioPlay":false,"sceneViewState":{"showFog":true,"showMaterialUpdate":false,"showSkybox":true,"showFlares":true,"showImageEffects":true,"showParticleSystems":true},"in2DMode":false,"pivot":{"x":1.2653923034667969,"y":0.5793651342391968,"z":6.870151519775391},"rotation":{"x":-0.27276211977005007,"y":0.048490289598703387,"z":-0.013766935095191002,"w":-0.9607601165771484},"size":21.296781539916993,"orthographic":false}