{"cameraMode":{"drawMode":0,"name":"Shaded","section":"Shading Mode"},"sceneLighting":false,"audioPlay":false,"sceneViewState":{"showFog":true,"showMaterialUpdate":false,"showSkybox":true,"showFlares":true,"showImageEffects":true,"showParticleSystems":true},"in2DMode":false,"pivot":{"x":6.349996089935303,"y":4.405952453613281,"z":-0.17013764381408692},"rotation":{"x":-0.041842713952064517,"y":-0.14723575115203858,"z":0.006233097054064274,"w":-0.9881963729858398},"size":8.310105323791504,"orthographic":false}