{"cameraMode":{"drawMode":0,"name":"Shaded","section":"Shading Mode"},"sceneLighting":false,"audioPlay":false,"sceneViewState":{"showFog":true,"showMaterialUpdate":false,"showSkybox":true,"showFlares":true,"showImageEffects":true,"showParticleSystems":true},"in2DMode":false,"pivot":{"x":1.4999990463256837,"y":0.2857857942581177,"z":10.000000953674317},"rotation":{"x":-0.08869801461696625,"y":-0.008372771553695202,"z":0.0007445396040566266,"w":-0.9960231781005859},"size":2.0948028564453127,"orthographic":false}