{"cameraMode":{"drawMode":0,"name":"Shaded","section":"Shading Mode"},"sceneLighting":false,"audioPlay":false,"sceneViewState":{"showFog":true,"showMaterialUpdate":false,"showSkybox":true,"showFlares":true,"showImageEffects":true,"showParticleSystems":true},"in2DMode":false,"pivot":{"x":0.2653923034667969,"y":0.6604976654052734,"z":6.661842346191406},"rotation":{"x":0.22047995030879975,"y":0.0505952388048172,"z":-0.011451917700469494,"w":0.9740111231803894},"size":4.917266845703125,"orthographic":false}