{"cameraMode":{"drawMode":0,"name":"Shaded","section":"Shading Mode"},"sceneLighting":false,"audioPlay":false,"sceneViewState":{"showFog":true,"showMaterialUpdate":false,"showSkybox":true,"showFlares":true,"showImageEffects":true,"showParticleSystems":true},"in2DMode":false,"pivot":{"x":1.1920928955078126e-7,"y":1.0299999713897706,"z":3.0},"rotation":{"x":-0.09678713232278824,"y":-0.5113378763198853,"z":0.05809180065989494,"w":-0.8519337773323059},"size":11.04896068572998,"orthographic":false}